﻿<?xml version="1.0" encoding="utf-8"?>
<abapGit version="v1.0.0" serializer="LCL_OBJECT_SFPI" serializer_version="v1.0.0">
 <asx:abap version="1.0" xmlns:asx="http://www.sap.com/abapxml">
  <asx:values>
   <VERSION>1</VERSION>
   <TYPE/>
   <INTERFACE href="#o1"/>
   <INTERFACET>
    <FPINTERFACET>
     <NAME/>
     <STATE/>
     <LANGUAGE>E</LANGUAGE>
     <ID/>
     <TEXT>Airline Booking : Images</TEXT>
    </FPINTERFACET>
    <FPINTERFACET>
     <NAME/>
     <STATE/>
     <LANGUAGE>1</LANGUAGE>
     <ID/>
     <TEXT>Airline Booking : Images</TEXT>
    </FPINTERFACET>
   </INTERFACET>
  </asx:values>
  <asx:heap xmlns:xsd="http://www.w3.org/2001/XMLSchema" xmlns:abap="http://www.sap.com/abapxml/types/built-in" xmlns:cls="http://www.sap.com/abapxml/classes/global" xmlns:dic="http://www.sap.com/abapxml/types/dictionary">
   <cls:CL_FP_INTERFACE_DATA id="o1">
    <CL_FP_INTERFACE_DATA classVersion="1">
     <CODING href="#o5"/>
     <PARAMETERS href="#o4"/>
     <GLOBAL_DEFINITIONS href="#o3"/>
     <REFERENCE_FIELDS href="#o2"/>
     <XSD_DEFINITIONS/>
    </CL_FP_INTERFACE_DATA>
   </cls:CL_FP_INTERFACE_DATA>
   <cls:CL_FP_REFERENCE_FIELDS id="o2">
    <CL_FP_INTERFACE_DATA_CHANGED classVersion="1">
     <INTERFACE_DATA href="#o1"/>
    </CL_FP_INTERFACE_DATA_CHANGED>
    <CL_FP_REFERENCE_FIELDS classVersion="1">
     <REFERENCE_FIELDS/>
    </CL_FP_REFERENCE_FIELDS>
   </cls:CL_FP_REFERENCE_FIELDS>
   <cls:CL_FP_GLOBAL_DEFINITIONS id="o3">
    <CL_FP_INTERFACE_DATA_CHANGED classVersion="1">
     <INTERFACE_DATA href="#o1"/>
    </CL_FP_INTERFACE_DATA_CHANGED>
    <CL_FP_GLOBAL_DEFINITIONS classVersion="1">
     <GLOBAL_DATA>
      <SFPGDATA>
       <NAME>GV_STAMP</NAME>
       <TYPING>TYPE</TYPING>
       <TYPENAME>XSTRING</TYPENAME>
       <DEFAULTVAL/>
       <CONSTANT/>
      </SFPGDATA>
     </GLOBAL_DATA>
     <TYPES/>
     <FIELDSYMBOLS/>
    </CL_FP_GLOBAL_DEFINITIONS>
   </cls:CL_FP_GLOBAL_DEFINITIONS>
   <cls:CL_FP_PARAMETERS id="o4">
    <CL_FP_INTERFACE_DATA_CHANGED classVersion="1">
     <INTERFACE_DATA href="#o1"/>
    </CL_FP_INTERFACE_DATA_CHANGED>
    <CL_FP_PARAMETERS classVersion="1">
     <IMPORT_PARAMETERS>
      <SFPIOPAR>
       <NAME>IS_SCARR</NAME>
       <TYPING>TYPE</TYPING>
       <TYPENAME>SCARR</TYPENAME>
       <OPTIONAL>X</OPTIONAL>
       <BYVALUE/>
       <DEFAULTVAL/>
       <STANDARD/>
       <CONSTANT/>
      </SFPIOPAR>
      <SFPIOPAR>
       <NAME>IS_SPFLI</NAME>
       <TYPING>TYPE</TYPING>
       <TYPENAME>SPFLI</TYPENAME>
       <OPTIONAL>X</OPTIONAL>
       <BYVALUE/>
       <DEFAULTVAL/>
       <STANDARD/>
       <CONSTANT/>
      </SFPIOPAR>
      <SFPIOPAR>
       <NAME>IS_SBUSPART</NAME>
       <TYPING>TYPE</TYPING>
       <TYPENAME>SBUSPART</TYPENAME>
       <OPTIONAL>X</OPTIONAL>
       <BYVALUE/>
       <DEFAULTVAL/>
       <STANDARD/>
       <CONSTANT/>
      </SFPIOPAR>
      <SFPIOPAR>
       <NAME>IT_SBOOK</NAME>
       <TYPING>TYPE</TYPING>
       <TYPENAME>TY_BOOKINGS</TYPENAME>
       <OPTIONAL>X</OPTIONAL>
       <BYVALUE/>
       <DEFAULTVAL/>
       <STANDARD/>
       <CONSTANT/>
      </SFPIOPAR>
     </IMPORT_PARAMETERS>
     <EXPORT_PARAMETERS/>
     <TABLE_PARAMETERS/>
     <EXCEPTIONS/>
    </CL_FP_PARAMETERS>
   </cls:CL_FP_PARAMETERS>
   <cls:CL_FP_CODING id="o5">
    <CL_FP_INTERFACE_DATA_CHANGED classVersion="1">
     <INTERFACE_DATA href="#o1"/>
    </CL_FP_INTERFACE_DATA_CHANGED>
    <CL_FP_CODING classVersion="1">
     <INPUT_PARAMETERS/>
     <OUTPUT_PARAMETERS/>
     <INITIALIZATION>
      <FPCLINE>CALL METHOD cl_ssf_xsf_utilities=&gt;get_bds_graphic_as_bmp</FPCLINE>
      <FPCLINE>    EXPORTING</FPCLINE>
      <FPCLINE>      p_object       = &apos;GRAPHICS&apos;</FPCLINE>
      <FPCLINE>      p_name         = `ZZZZSTAMP01` &quot;Name of the SE78 logo inside Quotes</FPCLINE>
      <FPCLINE>      p_id           = &apos;BMAP&apos;</FPCLINE>
      <FPCLINE>      p_btype        = &apos;BCOL&apos; &quot;Color / &apos;BMON&apos; &quot;Black&amp;White</FPCLINE>
      <FPCLINE>    RECEIVING</FPCLINE>
      <FPCLINE>      p_bmp          = gv_stamp</FPCLINE>
      <FPCLINE>    EXCEPTIONS</FPCLINE>
      <FPCLINE>      not_found      = 1</FPCLINE>
      <FPCLINE>      internal_error = 2</FPCLINE>
      <FPCLINE>      OTHERS         = 3.</FPCLINE>
      <FPCLINE>  IF sy-subrc &lt;&gt; 0.</FPCLINE>
      <FPCLINE>*   Implement suitable error handling here</FPCLINE>
      <FPCLINE>  ENDIF.</FPCLINE>
     </INITIALIZATION>
     <FORMS/>
    </CL_FP_CODING>
   </cls:CL_FP_CODING>
  </asx:heap>
 </asx:abap>
</abapGit>
