﻿<?xml version="1.0" encoding="utf-8"?>
<abapGit version="v1.0.0" serializer="LCL_OBJECT_SFPF" serializer_version="v1.0.0">
 <asx:abap version="1.0" xmlns:asx="http://www.sap.com/abapxml">
  <asx:values>
   <VERSION>1</VERSION>
   <TYPE/>
   <INTERFACE>ZZZADFORM0001</INTERFACE>
   <OFFLINEHANDLER/>
   <DATAPROVIDER/>
   <FRTYPE/>
   <CNTSET/>
   <FNTEMB/>
   <MIRRORING/>
   <CONTEXT href="#o2"/>
   <CONTEXTT>
    <FPCONTEXTT>
     <NAME/>
     <STATE/>
     <LANGUAGE>3</LANGUAGE>
     <ID/>
     <TEXT>Flights</TEXT>
    </FPCONTEXTT>
   </CONTEXTT>
   <LAYOUT href="#o1"/>
   <LAYOUTT>
    <FPLAYOUTT>
     <NAME/>
     <STATE/>
     <LANGUAGE>3</LANGUAGE>
     <ID/>
     <DIRTY/>
     <LAYOUT/>
     <LAYOUTM/>
    </FPLAYOUTT>
   </LAYOUTT>
  </asx:values>
  <asx:heap xmlns:xsd="http://www.w3.org/2001/XMLSchema" xmlns:abap="http://www.sap.com/abapxml/types/built-in" xmlns:cls="http://www.sap.com/abapxml/classes/global" xmlns:dic="http://www.sap.com/abapxml/types/dictionary">
   <cls:CL_FP_LAYOUT id="o1">
    <CL_FP_LAYOUT classVersion="1">
     <TRANSLATION_TYPE/>
     <CACHE_INFO/>
     <LAYOUT_TYPE>S</LAYOUT_TYPE>
     <FORM_TECH/>
    </CL_FP_LAYOUT>
   </cls:CL_FP_LAYOUT>
   <cls:CL_FP_CONTEXT id="o2">
    <CL_FP_NODE classVersion="1">
     <ID>A5B3F83BFE8D1EEE989E4A19F98CDA23</ID>
     <NAME>CONTEXT</NAME>
     <GENERATED/>
     <STATE>A</STATE>
     <CONDITION/>
     <PARENT/>
     <SUCCESSOR/>
     <CHILD href="#o3"/>
    </CL_FP_NODE>
    <CL_FP_CONTEXT classVersion="1"/>
   </cls:CL_FP_CONTEXT>
   <cls:CL_FP_LOOP id="o3">
    <CL_FP_NODE classVersion="1">
     <ID>A5B3F83BFE8D1EEE989E4BAE5359BA29</ID>
     <NAME>LT_SFLIGHT</NAME>
     <GENERATED/>
     <STATE>A</STATE>
     <CONDITION href="#o47"/>
     <PARENT href="#o2"/>
     <SUCCESSOR href="#o35"/>
     <CHILD href="#o5"/>
    </CL_FP_NODE>
    <CL_FP_LOOP classVersion="1">
     <TABLE_NAME>LT_SFLIGHT</TABLE_NAME>
     <LOOP_INTO>X</LOOP_INTO>
     <WORK_AREA>LT_SFLIGHT</WORK_AREA>
     <FIRST_LINE>0000000000</FIRST_LINE>
     <LAST_LINE>0000000000</LAST_LINE>
     <WHERE_CONDITION href="#o4"/>
     <SORTED/>
     <CONTROL_LEVEL/>
    </CL_FP_LOOP>
   </cls:CL_FP_LOOP>
   <cls:CL_FP_CONDITION id="o4">
    <CL_FP_CONDITION classVersion="1">
     <NODE href="#o3"/>
     <CONDITIONS/>
    </CL_FP_CONDITION>
   </cls:CL_FP_CONDITION>
   <cls:CL_FP_LOOP_DATA id="o5">
    <CL_FP_NODE classVersion="1">
     <ID>A5B3F83BFE8D1EEE989E4BAE5359DA29</ID>
     <NAME>DATA</NAME>
     <GENERATED/>
     <STATE>A</STATE>
     <CONDITION href="#o34"/>
     <PARENT href="#o3"/>
     <SUCCESSOR/>
     <CHILD href="#o6"/>
    </CL_FP_NODE>
    <CL_FP_LOOP_DATA classVersion="1"/>
   </cls:CL_FP_LOOP_DATA>
   <cls:CL_FP_DATA id="o6">
    <CL_FP_NODE classVersion="1">
     <ID>A5B3F83BFE8D1EEE989E4BAE5359FA29</ID>
     <NAME>MANDT</NAME>
     <GENERATED>X</GENERATED>
     <STATE>A</STATE>
     <CONDITION href="#o33"/>
     <PARENT href="#o5"/>
     <SUCCESSOR href="#o7"/>
     <CHILD/>
    </CL_FP_NODE>
    <CL_FP_DATA classVersion="1">
     <FIELD>LT_SFLIGHT-MANDT</FIELD>
     <FIELD_LABEL/>
    </CL_FP_DATA>
   </cls:CL_FP_DATA>
   <cls:CL_FP_DATA id="o7">
    <CL_FP_NODE classVersion="1">
     <ID>A5B3F83BFE8D1EEE989E4BAE535A1A29</ID>
     <NAME>CARRID</NAME>
     <GENERATED>X</GENERATED>
     <STATE>A</STATE>
     <CONDITION href="#o32"/>
     <PARENT href="#o5"/>
     <SUCCESSOR href="#o8"/>
     <CHILD/>
    </CL_FP_NODE>
    <CL_FP_DATA classVersion="1">
     <FIELD>LT_SFLIGHT-CARRID</FIELD>
     <FIELD_LABEL/>
    </CL_FP_DATA>
   </cls:CL_FP_DATA>
   <cls:CL_FP_DATA id="o8">
    <CL_FP_NODE classVersion="1">
     <ID>A5B3F83BFE8D1EEE989E4BAE535A3A29</ID>
     <NAME>CONNID</NAME>
     <GENERATED>X</GENERATED>
     <STATE>A</STATE>
     <CONDITION href="#o31"/>
     <PARENT href="#o5"/>
     <SUCCESSOR href="#o9"/>
     <CHILD/>
    </CL_FP_NODE>
    <CL_FP_DATA classVersion="1">
     <FIELD>LT_SFLIGHT-CONNID</FIELD>
     <FIELD_LABEL/>
    </CL_FP_DATA>
   </cls:CL_FP_DATA>
   <cls:CL_FP_DATA id="o9">
    <CL_FP_NODE classVersion="1">
     <ID>A5B3F83BFE8D1EEE989E4BAE535A5A29</ID>
     <NAME>FLDATE</NAME>
     <GENERATED>X</GENERATED>
     <STATE>A</STATE>
     <CONDITION href="#o30"/>
     <PARENT href="#o5"/>
     <SUCCESSOR href="#o10"/>
     <CHILD/>
    </CL_FP_NODE>
    <CL_FP_DATA classVersion="1">
     <FIELD>LT_SFLIGHT-FLDATE</FIELD>
     <FIELD_LABEL/>
    </CL_FP_DATA>
   </cls:CL_FP_DATA>
   <cls:CL_FP_DATA id="o10">
    <CL_FP_NODE classVersion="1">
     <ID>A5B3F83BFE8D1EEE989E4BAE535A7A29</ID>
     <NAME>PRICE</NAME>
     <GENERATED>X</GENERATED>
     <STATE>A</STATE>
     <CONDITION href="#o29"/>
     <PARENT href="#o5"/>
     <SUCCESSOR href="#o11"/>
     <CHILD/>
    </CL_FP_NODE>
    <CL_FP_DATA classVersion="1">
     <FIELD>LT_SFLIGHT-PRICE</FIELD>
     <FIELD_LABEL/>
    </CL_FP_DATA>
   </cls:CL_FP_DATA>
   <cls:CL_FP_DATA id="o11">
    <CL_FP_NODE classVersion="1">
     <ID>A5B3F83BFE8D1EEE989E4BAE535A9A29</ID>
     <NAME>CURRENCY</NAME>
     <GENERATED>X</GENERATED>
     <STATE>A</STATE>
     <CONDITION href="#o28"/>
     <PARENT href="#o5"/>
     <SUCCESSOR href="#o12"/>
     <CHILD/>
    </CL_FP_NODE>
    <CL_FP_DATA classVersion="1">
     <FIELD>LT_SFLIGHT-CURRENCY</FIELD>
     <FIELD_LABEL/>
    </CL_FP_DATA>
   </cls:CL_FP_DATA>
   <cls:CL_FP_DATA id="o12">
    <CL_FP_NODE classVersion="1">
     <ID>A5B3F83BFE8D1EEE989E4BAE535ABA29</ID>
     <NAME>PLANETYPE</NAME>
     <GENERATED>X</GENERATED>
     <STATE>A</STATE>
     <CONDITION href="#o27"/>
     <PARENT href="#o5"/>
     <SUCCESSOR href="#o13"/>
     <CHILD/>
    </CL_FP_NODE>
    <CL_FP_DATA classVersion="1">
     <FIELD>LT_SFLIGHT-PLANETYPE</FIELD>
     <FIELD_LABEL/>
    </CL_FP_DATA>
   </cls:CL_FP_DATA>
   <cls:CL_FP_DATA id="o13">
    <CL_FP_NODE classVersion="1">
     <ID>A5B3F83BFE8D1EEE989E4BAE535ADA29</ID>
     <NAME>SEATSMAX</NAME>
     <GENERATED>X</GENERATED>
     <STATE>A</STATE>
     <CONDITION href="#o26"/>
     <PARENT href="#o5"/>
     <SUCCESSOR href="#o14"/>
     <CHILD/>
    </CL_FP_NODE>
    <CL_FP_DATA classVersion="1">
     <FIELD>LT_SFLIGHT-SEATSMAX</FIELD>
     <FIELD_LABEL/>
    </CL_FP_DATA>
   </cls:CL_FP_DATA>
   <cls:CL_FP_DATA id="o14">
    <CL_FP_NODE classVersion="1">
     <ID>A5B3F83BFE8D1EEE989E4BAE535AFA29</ID>
     <NAME>SEATSOCC</NAME>
     <GENERATED>X</GENERATED>
     <STATE>A</STATE>
     <CONDITION href="#o25"/>
     <PARENT href="#o5"/>
     <SUCCESSOR href="#o15"/>
     <CHILD/>
    </CL_FP_NODE>
    <CL_FP_DATA classVersion="1">
     <FIELD>LT_SFLIGHT-SEATSOCC</FIELD>
     <FIELD_LABEL/>
    </CL_FP_DATA>
   </cls:CL_FP_DATA>
   <cls:CL_FP_DATA id="o15">
    <CL_FP_NODE classVersion="1">
     <ID>A5B3F83BFE8D1EEE989E4BAE535B1A29</ID>
     <NAME>PAYMENTSUM</NAME>
     <GENERATED>X</GENERATED>
     <STATE>A</STATE>
     <CONDITION href="#o24"/>
     <PARENT href="#o5"/>
     <SUCCESSOR href="#o16"/>
     <CHILD/>
    </CL_FP_NODE>
    <CL_FP_DATA classVersion="1">
     <FIELD>LT_SFLIGHT-PAYMENTSUM</FIELD>
     <FIELD_LABEL/>
    </CL_FP_DATA>
   </cls:CL_FP_DATA>
   <cls:CL_FP_DATA id="o16">
    <CL_FP_NODE classVersion="1">
     <ID>A5B3F83BFE8D1EEE989E4BAE535B3A29</ID>
     <NAME>SEATSMAX_B</NAME>
     <GENERATED>X</GENERATED>
     <STATE>A</STATE>
     <CONDITION href="#o23"/>
     <PARENT href="#o5"/>
     <SUCCESSOR href="#o17"/>
     <CHILD/>
    </CL_FP_NODE>
    <CL_FP_DATA classVersion="1">
     <FIELD>LT_SFLIGHT-SEATSMAX_B</FIELD>
     <FIELD_LABEL/>
    </CL_FP_DATA>
   </cls:CL_FP_DATA>
   <cls:CL_FP_DATA id="o17">
    <CL_FP_NODE classVersion="1">
     <ID>A5B3F83BFE8D1EEE989E4BAE535B5A29</ID>
     <NAME>SEATSOCC_B</NAME>
     <GENERATED>X</GENERATED>
     <STATE>A</STATE>
     <CONDITION href="#o22"/>
     <PARENT href="#o5"/>
     <SUCCESSOR href="#o18"/>
     <CHILD/>
    </CL_FP_NODE>
    <CL_FP_DATA classVersion="1">
     <FIELD>LT_SFLIGHT-SEATSOCC_B</FIELD>
     <FIELD_LABEL/>
    </CL_FP_DATA>
   </cls:CL_FP_DATA>
   <cls:CL_FP_DATA id="o18">
    <CL_FP_NODE classVersion="1">
     <ID>A5B3F83BFE8D1EEE989E4BAE535B7A29</ID>
     <NAME>SEATSMAX_F</NAME>
     <GENERATED>X</GENERATED>
     <STATE>A</STATE>
     <CONDITION href="#o21"/>
     <PARENT href="#o5"/>
     <SUCCESSOR href="#o19"/>
     <CHILD/>
    </CL_FP_NODE>
    <CL_FP_DATA classVersion="1">
     <FIELD>LT_SFLIGHT-SEATSMAX_F</FIELD>
     <FIELD_LABEL/>
    </CL_FP_DATA>
   </cls:CL_FP_DATA>
   <cls:CL_FP_DATA id="o19">
    <CL_FP_NODE classVersion="1">
     <ID>A5B3F83BFE8D1EEE989E4BAE535B9A29</ID>
     <NAME>SEATSOCC_F</NAME>
     <GENERATED>X</GENERATED>
     <STATE>A</STATE>
     <CONDITION href="#o20"/>
     <PARENT href="#o5"/>
     <SUCCESSOR/>
     <CHILD/>
    </CL_FP_NODE>
    <CL_FP_DATA classVersion="1">
     <FIELD>LT_SFLIGHT-SEATSOCC_F</FIELD>
     <FIELD_LABEL/>
    </CL_FP_DATA>
   </cls:CL_FP_DATA>
   <cls:CL_FP_CONDITION id="o20">
    <CL_FP_CONDITION classVersion="1">
     <NODE href="#o19"/>
     <CONDITIONS/>
    </CL_FP_CONDITION>
   </cls:CL_FP_CONDITION>
   <cls:CL_FP_CONDITION id="o21">
    <CL_FP_CONDITION classVersion="1">
     <NODE href="#o18"/>
     <CONDITIONS/>
    </CL_FP_CONDITION>
   </cls:CL_FP_CONDITION>
   <cls:CL_FP_CONDITION id="o22">
    <CL_FP_CONDITION classVersion="1">
     <NODE href="#o17"/>
     <CONDITIONS/>
    </CL_FP_CONDITION>
   </cls:CL_FP_CONDITION>
   <cls:CL_FP_CONDITION id="o23">
    <CL_FP_CONDITION classVersion="1">
     <NODE href="#o16"/>
     <CONDITIONS/>
    </CL_FP_CONDITION>
   </cls:CL_FP_CONDITION>
   <cls:CL_FP_CONDITION id="o24">
    <CL_FP_CONDITION classVersion="1">
     <NODE href="#o15"/>
     <CONDITIONS/>
    </CL_FP_CONDITION>
   </cls:CL_FP_CONDITION>
   <cls:CL_FP_CONDITION id="o25">
    <CL_FP_CONDITION classVersion="1">
     <NODE href="#o14"/>
     <CONDITIONS/>
    </CL_FP_CONDITION>
   </cls:CL_FP_CONDITION>
   <cls:CL_FP_CONDITION id="o26">
    <CL_FP_CONDITION classVersion="1">
     <NODE href="#o13"/>
     <CONDITIONS/>
    </CL_FP_CONDITION>
   </cls:CL_FP_CONDITION>
   <cls:CL_FP_CONDITION id="o27">
    <CL_FP_CONDITION classVersion="1">
     <NODE href="#o12"/>
     <CONDITIONS/>
    </CL_FP_CONDITION>
   </cls:CL_FP_CONDITION>
   <cls:CL_FP_CONDITION id="o28">
    <CL_FP_CONDITION classVersion="1">
     <NODE href="#o11"/>
     <CONDITIONS/>
    </CL_FP_CONDITION>
   </cls:CL_FP_CONDITION>
   <cls:CL_FP_CONDITION id="o29">
    <CL_FP_CONDITION classVersion="1">
     <NODE href="#o10"/>
     <CONDITIONS/>
    </CL_FP_CONDITION>
   </cls:CL_FP_CONDITION>
   <cls:CL_FP_CONDITION id="o30">
    <CL_FP_CONDITION classVersion="1">
     <NODE href="#o9"/>
     <CONDITIONS/>
    </CL_FP_CONDITION>
   </cls:CL_FP_CONDITION>
   <cls:CL_FP_CONDITION id="o31">
    <CL_FP_CONDITION classVersion="1">
     <NODE href="#o8"/>
     <CONDITIONS/>
    </CL_FP_CONDITION>
   </cls:CL_FP_CONDITION>
   <cls:CL_FP_CONDITION id="o32">
    <CL_FP_CONDITION classVersion="1">
     <NODE href="#o7"/>
     <CONDITIONS/>
    </CL_FP_CONDITION>
   </cls:CL_FP_CONDITION>
   <cls:CL_FP_CONDITION id="o33">
    <CL_FP_CONDITION classVersion="1">
     <NODE href="#o6"/>
     <CONDITIONS/>
    </CL_FP_CONDITION>
   </cls:CL_FP_CONDITION>
   <cls:CL_FP_CONDITION id="o34">
    <CL_FP_CONDITION classVersion="1">
     <NODE href="#o5"/>
     <CONDITIONS/>
    </CL_FP_CONDITION>
   </cls:CL_FP_CONDITION>
   <cls:CL_FP_STRUCTURE id="o35">
    <CL_FP_NODE classVersion="1">
     <ID>A5B3F83BFE8D1EEE989E4BAE535BFA29</ID>
     <NAME>LS_SCARR</NAME>
     <GENERATED/>
     <STATE>A</STATE>
     <CONDITION href="#o46"/>
     <PARENT href="#o2"/>
     <SUCCESSOR/>
     <CHILD href="#o36"/>
    </CL_FP_NODE>
    <CL_FP_STRUCTURE classVersion="1">
     <FIELD>LS_SCARR</FIELD>
    </CL_FP_STRUCTURE>
   </cls:CL_FP_STRUCTURE>
   <cls:CL_FP_DATA id="o36">
    <CL_FP_NODE classVersion="1">
     <ID>A5B3F83BFE8D1EEE989E4BAE535C1A29</ID>
     <NAME>MANDT</NAME>
     <GENERATED>X</GENERATED>
     <STATE>A</STATE>
     <CONDITION href="#o45"/>
     <PARENT href="#o35"/>
     <SUCCESSOR href="#o37"/>
     <CHILD/>
    </CL_FP_NODE>
    <CL_FP_DATA classVersion="1">
     <FIELD>LS_SCARR-MANDT</FIELD>
     <FIELD_LABEL/>
    </CL_FP_DATA>
   </cls:CL_FP_DATA>
   <cls:CL_FP_DATA id="o37">
    <CL_FP_NODE classVersion="1">
     <ID>A5B3F83BFE8D1EEE989E4BAE535C3A29</ID>
     <NAME>CARRID</NAME>
     <GENERATED>X</GENERATED>
     <STATE>A</STATE>
     <CONDITION href="#o44"/>
     <PARENT href="#o35"/>
     <SUCCESSOR href="#o38"/>
     <CHILD/>
    </CL_FP_NODE>
    <CL_FP_DATA classVersion="1">
     <FIELD>LS_SCARR-CARRID</FIELD>
     <FIELD_LABEL/>
    </CL_FP_DATA>
   </cls:CL_FP_DATA>
   <cls:CL_FP_DATA id="o38">
    <CL_FP_NODE classVersion="1">
     <ID>A5B3F83BFE8D1EEE989E4BAE535C5A29</ID>
     <NAME>CARRNAME</NAME>
     <GENERATED>X</GENERATED>
     <STATE>A</STATE>
     <CONDITION href="#o43"/>
     <PARENT href="#o35"/>
     <SUCCESSOR href="#o39"/>
     <CHILD/>
    </CL_FP_NODE>
    <CL_FP_DATA classVersion="1">
     <FIELD>LS_SCARR-CARRNAME</FIELD>
     <FIELD_LABEL/>
    </CL_FP_DATA>
   </cls:CL_FP_DATA>
   <cls:CL_FP_DATA id="o39">
    <CL_FP_NODE classVersion="1">
     <ID>A5B3F83BFE8D1EEE989E4BAE535C7A29</ID>
     <NAME>CURRCODE</NAME>
     <GENERATED>X</GENERATED>
     <STATE>A</STATE>
     <CONDITION href="#o42"/>
     <PARENT href="#o35"/>
     <SUCCESSOR href="#o40"/>
     <CHILD/>
    </CL_FP_NODE>
    <CL_FP_DATA classVersion="1">
     <FIELD>LS_SCARR-CURRCODE</FIELD>
     <FIELD_LABEL/>
    </CL_FP_DATA>
   </cls:CL_FP_DATA>
   <cls:CL_FP_DATA id="o40">
    <CL_FP_NODE classVersion="1">
     <ID>A5B3F83BFE8D1EEE989E4BAE535C9A29</ID>
     <NAME>URL</NAME>
     <GENERATED>X</GENERATED>
     <STATE>A</STATE>
     <CONDITION href="#o41"/>
     <PARENT href="#o35"/>
     <SUCCESSOR/>
     <CHILD/>
    </CL_FP_NODE>
    <CL_FP_DATA classVersion="1">
     <FIELD>LS_SCARR-URL</FIELD>
     <FIELD_LABEL/>
    </CL_FP_DATA>
   </cls:CL_FP_DATA>
   <cls:CL_FP_CONDITION id="o41">
    <CL_FP_CONDITION classVersion="1">
     <NODE href="#o40"/>
     <CONDITIONS/>
    </CL_FP_CONDITION>
   </cls:CL_FP_CONDITION>
   <cls:CL_FP_CONDITION id="o42">
    <CL_FP_CONDITION classVersion="1">
     <NODE href="#o39"/>
     <CONDITIONS/>
    </CL_FP_CONDITION>
   </cls:CL_FP_CONDITION>
   <cls:CL_FP_CONDITION id="o43">
    <CL_FP_CONDITION classVersion="1">
     <NODE href="#o38"/>
     <CONDITIONS/>
    </CL_FP_CONDITION>
   </cls:CL_FP_CONDITION>
   <cls:CL_FP_CONDITION id="o44">
    <CL_FP_CONDITION classVersion="1">
     <NODE href="#o37"/>
     <CONDITIONS/>
    </CL_FP_CONDITION>
   </cls:CL_FP_CONDITION>
   <cls:CL_FP_CONDITION id="o45">
    <CL_FP_CONDITION classVersion="1">
     <NODE href="#o36"/>
     <CONDITIONS/>
    </CL_FP_CONDITION>
   </cls:CL_FP_CONDITION>
   <cls:CL_FP_CONDITION id="o46">
    <CL_FP_CONDITION classVersion="1">
     <NODE href="#o35"/>
     <CONDITIONS/>
    </CL_FP_CONDITION>
   </cls:CL_FP_CONDITION>
   <cls:CL_FP_CONDITION id="o47">
    <CL_FP_CONDITION classVersion="1">
     <NODE href="#o3"/>
     <CONDITIONS/>
    </CL_FP_CONDITION>
   </cls:CL_FP_CONDITION>
  </asx:heap>
 </asx:abap>
</abapGit>
